timestamp,symbol,price,delta,delta_pct,sigma,seconds_left,prob_up,bid,ask
1763128074,btc/usd,94677.486,0.0,0.0,0.0,726,1.0,0.52,0.54
1763128075,btc/usd,94675.849,-1.637,-0.0,0.0,725,0.0,0.51,0.54
1763128077,btc/usd,94674.623,-2.863,-0.0,3e-06,723,0.357,0.51,0.52
1763128078,btc/usd,94674.684,-2.802,-0.0,9e-06,722,0.453,0.48,0.49
1763128079,btc/usd,94654.25,-23.236,-0.0002,6.6e-05,721,0.445,0.47,0.5
1763128081,btc/usd,94642.586,-34.9,-0.0004,6.6e-05,719,0.418,0.48,0.5
1763128082,btc/usd,94642.586,-34.9,-0.0004,6.5e-05,718,0.416,0.49,0.51
1763128083,btc/usd,94645.615,-31.871,-0.0003,6.5e-05,717,0.424,0.52,0.55
1763128085,btc/usd,94661.692,-15.795,-0.0002,9e-05,715,0.473,0.5,0.51
1763128086,btc/usd,94659.34,-18.146,-0.0002,8.2e-05,714,0.466,0.47,0.49
1763128088,btc/usd,94648.673,-28.813,-0.0003,8.3e-05,712,0.446,0.46,0.48
1763128089,btc/usd,94645.617,-31.869,-0.0003,8e-05,711,0.438,0.45,0.47
1763128090,btc/usd,94620.808,-56.678,-0.0006,8.3e-05,710,0.394,0.41,0.43
1763128092,btc/usd,94601.723,-75.763,-0.0008,9e-05,708,0.369,0.42,0.44
1763128093,btc/usd,94596.29,-81.196,-0.0009,8.5e-05,707,0.353,0.43,0.44
1763128094,btc/usd,94603.546,-73.94,-0.0008,8.8e-05,706,0.369,0.44,0.45
1763128096,btc/usd,94607.937,-69.549,-0.0007,8.7e-05,704,0.376,0.47,0.48
1763128097,btc/usd,94617.318,-60.168,-0.0006,9e-05,703,0.395,0.49,0.51
1763128098,btc/usd,94637.053,-40.433,-0.0004,9.8e-05,702,0.435,0.5,0.52
1763128100,btc/usd,94655.993,-21.493,-0.0002,0.000103,700,0.467,0.46,0.48
1763128101,btc/usd,94635.189,-42.298,-0.0004,0.000109,699,0.439,0.44,0.45
1763128103,btc/usd,94609.569,-67.917,-0.0007,0.000117,697,0.409,0.45,0.46
1763128104,btc/usd,94604.952,-72.534,-0.0008,0.000115,696,0.401,0.47,0.48
1763128105,btc/usd,94615.839,-61.647,-0.0007,0.000114,695,0.414,0.47,0.48
1763128107,btc/usd,94625.272,-52.214,-0.0006,0.000114,693,0.428,0.46,0.48
1763128108,btc/usd,94618.419,-59.067,-0.0006,0.000111,692,0.416,0.47,0.49
1763128110,btc/usd,94627.482,-50.004,-0.0005,0.000111,690,0.429,0.46,0.5
1763128111,btc/usd,94631.782,-45.704,-0.0005,0.000109,689,0.433,0.47,0.49
1763128113,btc/usd,94628.613,-48.873,-0.0005,0.000107,687,0.428,0.47,0.49
1763128114,btc/usd,94625.35,-52.136,-0.0006,0.000105,686,0.421,0.49,0.5
1763128115,btc/usd,94645.307,-32.179,-0.0003,0.000109,685,0.453,0.49,0.52
1763128117,btc/usd,94648.546,-28.94,-0.0003,0.000108,683,0.457,0.48,0.49
1763128118,btc/usd,94653.534,-23.952,-0.0003,0.000106,682,0.464,0.5,0.53
1763128120,btc/usd,94658.745,-18.741,-0.0002,0.000105,680,0.472,0.49,0.5
1763128121,btc/usd,94658.745,-18.741,-0.0002,0.000104,679,0.471,0.46,0.48
1763128122,btc/usd,94626.543,-50.943,-0.0005,0.000114,678,0.428,0.46,0.48
1763128124,btc/usd,94619.272,-58.214,-0.0006,0.000112,676,0.417,0.47,0.49
1763128125,btc/usd,94623.413,-54.073,-0.0006,0.000111,675,0.422,0.47,0.49
1763128126,btc/usd,94622.913,-54.574,-0.0006,0.00011,674,0.42,0.47,0.5
1763128128,btc/usd,94631.392,-46.094,-0.0005,0.000109,672,0.432,0.48,0.49
1763128129,btc/usd,94632.057,-45.429,-0.0005,0.000108,671,0.432,0.46,0.48
1763128130,btc/usd,94629.836,-47.65,-0.0005,0.000106,670,0.427,0.5,0.54
1763128132,btc/usd,94629.836,-47.65,-0.0005,0.000105,668,0.427,0.5,0.53
1763128133,btc/usd,94666.009,-11.477,-0.0001,0.000116,667,0.484,0.49,0.52
1763128134,btc/usd,94658.416,-19.07,-0.0002,0.000114,666,0.473,0.47,0.49
1763128136,btc/usd,94656.313,-21.173,-0.0002,0.000113,664,0.47,0.47,0.49
1763128137,btc/usd,94644.463,-33.023,-0.0003,0.000113,663,0.453,0.48,0.5
1763128138,btc/usd,94639.305,-38.181,-0.0004,0.000113,662,0.446,0.48,0.5
1763128140,btc/usd,94633.117,-44.369,-0.0005,0.000113,660,0.436,0.49,0.5
1763128141,btc/usd,94639.26,-38.226,-0.0004,0.000112,659,0.445,0.51,0.53
1763128142,btc/usd,94642.223,-35.263,-0.0004,0.000111,658,0.449,0.54,0.56
1763128144,btc/usd,94675.247,-2.239,-0.0,0.000114,656,0.497,0.56,0.58
1763128145,btc/usd,94685.734,8.248,0.0001,0.000114,655,0.512,0.58,0.6
1763128147,btc/usd,94711.628,34.142,0.0004,0.000115,653,0.549,0.59,0.6
1763128148,btc/usd,94717.867,40.381,0.0004,0.000114,652,0.559,0.59,0.6
1763128149,btc/usd,94722.645,45.159,0.0005,0.000113,651,0.566,0.59,0.6
1763128151,btc/usd,94724.441,46.955,0.0005,0.000112,649,0.569,0.6,0.62
1763128152,btc/usd,94726.011,48.525,0.0005,0.000111,648,0.572,0.59,0.61
1763128153,btc/usd,94731.377,53.891,0.0006,0.000111,647,0.58,0.61,0.63
1763128155,btc/usd,94734.818,57.332,0.0006,0.00011,645,0.586,0.57,0.58
1763128156,btc/usd,94728.114,50.628,0.0005,0.00011,644,0.576,0.57,0.59
1763128157,btc/usd,94714.124,36.638,0.0004,0.000111,643,0.555,0.57,0.6
1763128159,btc/usd,94711.971,34.485,0.0004,0.00011,641,0.553,0.57,0.59
1763128160,btc/usd,94710.616,33.13,0.0003,0.000108,640,0.551,0.56,0.58
1763128162,btc/usd,94710.616,33.13,0.0003,0.000108,638,0.551,0.57,0.6
1763128164,btc/usd,94702.696,25.21,0.0003,0.000109,636,0.539,0.51,0.52
1763128165,btc/usd,94685.861,8.375,0.0001,0.000109,635,0.513,0.47,0.5
1763128167,btc/usd,94658.287,-19.199,-0.0002,0.000113,633,0.472,0.48,0.52
1763128168,btc/usd,94647.552,-29.934,-0.0003,0.000113,632,0.456,0.5,0.53
1763128169,btc/usd,94652.151,-25.335,-0.0003,0.000112,631,0.463,0.49,0.5
1763128171,btc/usd,94653.523,-23.963,-0.0003,0.000111,629,0.464,0.47,0.51
1763128172,btc/usd,94655.647,-21.839,-0.0002,0.00011,628,0.467,0.5,0.53
1763128174,btc/usd,94657.377,-20.109,-0.0002,0.000109,626,0.47,0.48,0.49
1763128175,btc/usd,94663.434,-14.052,-0.0001,0.000109,625,0.479,0.47,0.5
1763128176,btc/usd,94634.77,-42.716,-0.0005,0.000112,624,0.436,0.48,0.51
1763128178,btc/usd,94641.847,-35.639,-0.0004,0.000112,622,0.447,0.45,0.48
1763128179,btc/usd,94637.34,-40.146,-0.0004,0.000111,621,0.439,0.45,0.48
1763128180,btc/usd,94626.891,-50.595,-0.0005,0.000111,620,0.424,0.46,0.49
1763128182,btc/usd,94628.577,-48.909,-0.0005,0.00011,618,0.426,0.45,0.48
1763128183,btc/usd,94628.94,-48.546,-0.0005,0.00011,617,0.426,0.45,0.48
1763128184,btc/usd,94631.133,-46.353,-0.0005,0.000109,616,0.428,0.46,0.49
1763128186,btc/usd,94629.474,-48.012,-0.0005,0.000108,614,0.426,0.45,0.48
1763128187,btc/usd,94630.43,-47.056,-0.0005,0.000108,613,0.427,0.44,0.47
1763128189,btc/usd,94634.543,-42.943,-0.0005,0.000107,611,0.432,0.45,0.48
1763128190,btc/usd,94621.594,-55.892,-0.0006,0.000107,610,0.412,0.46,0.49
1763128192,btc/usd,94627.612,-49.874,-0.0005,0.000106,608,0.421,0.46,0.49
1763128193,btc/usd,94627.612,-49.874,-0.0005,0.000106,607,0.421,0.49,0.5
1763128194,btc/usd,94637.773,-39.713,-0.0004,0.000106,606,0.437,0.52,0.53
1763128196,btc/usd,94662.698,-14.788,-0.0002,0.000107,604,0.477,0.49,0.51
1763128197,btc/usd,94673.677,-3.809,-0.0,0.000107,603,0.494,0.53,0.56
1763128198,btc/usd,94676.577,-0.909,-0.0,0.000106,602,0.499,0.54,0.56
1763128200,btc/usd,94688.334,10.847,0.0001,0.000107,600,0.518,0.54,0.57
1763128201,btc/usd,94693.838,16.352,0.0002,0.000106,599,0.527,0.5,0.53
1763128202,btc/usd,94689.036,11.55,0.0001,0.000106,598,0.519,0.55,0.58
1763128204,btc/usd,94674.453,-3.033,-0.0,0.000106,596,0.496,0.56,0.58
1763128205,btc/usd,94678.279,0.793,0.0,0.000106,595,0.502,0.56,0.57
1763128207,btc/usd,94705.297,27.811,0.0003,0.000108,593,0.545,0.56,0.59
1763128208,btc/usd,94696.768,19.282,0.0002,0.000108,592,0.531,0.57,0.6
1763128209,btc/usd,94707.718,30.232,0.0003,0.000108,591,0.549,0.57,0.61
1763128211,btc/usd,94713.187,35.701,0.0004,0.000107,589,0.558,0.57,0.6
1763128212,btc/usd,94713.158,35.671,0.0004,0.000106,588,0.559,0.53,0.54
1763128213,btc/usd,94688.78,11.294,0.0001,0.000108,587,0.519,0.49,0.51
1763128215,btc/usd,94662.304,-15.182,-0.0002,0.00011,585,0.477,0.45,0.46
1763128216,btc/usd,94639.838,-37.648,-0.0004,0.000112,584,0.442,0.46,0.49
1763128217,btc/usd,94635.218,-42.268,-0.0004,0.000111,583,0.434,0.46,0.48
1763128219,btc/usd,94639.111,-38.375,-0.0004,0.000111,581,0.44,0.43,0.45
1763128220,btc/usd,94637.871,-39.615,-0.0004,0.00011,580,0.438,0.4,0.42
1763128221,btc/usd,94608.445,-69.041,-0.0007,0.000112,579,0.394,0.42,0.43
1763128223,btc/usd,94596.243,-81.243,-0.0009,0.000112,577,0.376,0.47,0.5
1763128224,btc/usd,94618.411,-59.075,-0.0006,0.000113,576,0.41,0.47,0.5
1763128225,btc/usd,94637.763,-39.723,-0.0004,0.000114,575,0.44,0.49,0.51
1763128227,btc/usd,94643.132,-34.354,-0.0004,0.000114,573,0.448,0.51,0.52
1763128228,btc/usd,94657.45,-20.036,-0.0002,0.000114,572,0.47,0.54,0.58
1763128230,btc/usd,94683.041,5.555,0.0001,0.000116,570,0.509,0.54,0.57
1763128231,btc/usd,94684.589,7.103,0.0001,0.000116,569,0.511,0.51,0.54
1763128232,btc/usd,94678.987,1.501,0.0,0.000115,568,0.503,0.52,0.56
1763128234,btc/usd,94678.987,1.501,0.0,0.000115,566,0.503,0.52,0.55
1763128235,btc/usd,94679.484,1.998,0.0,0.000114,565,0.504,0.59,0.62
1763128237,btc/usd,94698.25,20.764,0.0002,0.000115,563,0.533,0.6,0.62
1763128238,btc/usd,94703.805,26.319,0.0003,0.000115,562,0.541,0.63,0.67
1763128239,btc/usd,94745.72,68.234,0.0007,0.000119,561,0.601,0.65,0.69
1763128241,btc/usd,94776.43,98.943,0.001,0.000121,559,0.643,0.66,0.68
1763128242,btc/usd,94781.696,104.21,0.0011,0.000121,558,0.651,0.67,0.69
1763128243,btc/usd,94791.615,114.129,0.0012,0.00012,557,0.665,0.67,0.69
1763128245,btc/usd,94791.615,114.129,0.0012,0.00012,555,0.665,0.67,0.68
1763128246,btc/usd,94792.154,114.668,0.0012,0.00012,554,0.667,0.63,0.64
1763128247,btc/usd,94775.081,97.595,0.001,0.00012,553,0.643,0.64,0.66
1763128249,btc/usd,94763.473,85.987,0.0009,0.00012,551,0.627,0.67,0.69
1763128250,btc/usd,94783.331,105.844,0.0011,0.00012,550,0.655,0.67,0.69
1763128251,btc/usd,94795.078,117.592,0.0012,0.00012,549,0.672,0.66,0.69
1763128253,btc/usd,94790.278,112.792,0.0012,0.000119,547,0.666,0.66,0.68
1763128254,btc/usd,94787.214,109.728,0.0012,0.000119,546,0.662,0.68,0.7
1763128255,btc/usd,94787.214,109.728,0.0012,0.000118,545,0.663,0.72,0.76
1763128257,btc/usd,94813.631,136.145,0.0014,0.000119,543,0.698,0.73,0.77
1763128258,btc/usd,94813.631,136.145,0.0014,0.000119,542,0.699,0.77,0.79
1763128260,btc/usd,94874.619,197.133,0.0021,0.000124,540,0.765,0.73,0.76
1763128261,btc/usd,94881.554,204.068,0.0022,0.000124,539,0.774,0.73,0.75
1763128262,btc/usd,94843.106,165.62,0.0017,0.000127,538,0.724,0.74,0.76
1763128264,btc/usd,94854.001,176.515,0.0019,0.000127,536,0.737,0.74,0.77
1763128265,btc/usd,94861.068,183.582,0.0019,0.000127,535,0.746,0.72,0.75
1763128266,btc/usd,94869.597,192.111,0.002,0.000126,534,0.757,0.74,0.77
1763128268,btc/usd,94861.774,184.288,0.0019,0.000126,532,0.748,0.75,0.77
1763128269,btc/usd,94874.518,197.032,0.0021,0.000126,531,0.763,0.75,0.77
1763128271,btc/usd,94876.382,198.896,0.0021,0.000126,529,0.766,0.76,0.79
1763128272,btc/usd,94882.333,204.847,0.0022,0.000125,528,0.774,0.77,0.79
1763128273,btc/usd,94898.462,220.976,0.0023,0.000125,527,0.791,0.78,0.8
1763128275,btc/usd,94909.633,232.147,0.0025,0.000125,525,0.804,0.8,0.82
1763128276,btc/usd,94922.656,245.17,0.0026,0.000125,524,0.817,0.8,0.83
1763128278,btc/usd,94926.454,248.967,0.0026,0.000125,522,0.822,0.82,0.84
1763128279,btc/usd,94935.547,258.061,0.0027,0.000125,521,0.831,0.84,0.86
1763128281,btc/usd,94966.356,288.87,0.0031,0.000125,519,0.858,0.85,0.87
1763128282,btc/usd,95002.425,324.939,0.0034,0.000125,518,0.885,0.85,0.88
1763128283,btc/usd,95013.307,335.821,0.0035,0.000125,517,0.893,0.89,0.9
1763128285,btc/usd,95040.23,362.744,0.0038,0.000126,515,0.909,0.9,0.91
1763128286,btc/usd,95082.119,404.633,0.0043,0.000129,514,0.929,0.89,0.91
1763128288,btc/usd,95107.776,430.29,0.0045,0.000129,512,0.939,0.89,0.91
1763128289,btc/usd,95110.364,432.878,0.0046,0.000129,511,0.941,0.9,0.92
1763128290,btc/usd,95133.429,455.943,0.0048,0.000129,510,0.951,0.89,0.92
1763128292,btc/usd,95176.143,498.657,0.0053,0.000132,508,0.962,0.89,0.91
1763128293,btc/usd,95174.107,496.621,0.0052,0.000132,507,0.961,0.91,0.92
1763128294,btc/usd,95134.656,457.17,0.0048,0.000134,506,0.945,0.9,0.93
1763128296,btc/usd,95142.105,464.619,0.0049,0.000134,504,0.948,0.91,0.93
1763128297,btc/usd,95142.105,464.619,0.0049,0.000134,503,0.949,0.92,0.93
1763128299,btc/usd,95145.585,468.099,0.0049,0.000133,501,0.951,0.92,0.93
1763128300,btc/usd,95184.925,507.439,0.0054,0.000136,500,0.961,0.92,0.93
1763128301,btc/usd,95181.491,504.005,0.0053,0.000135,499,0.961,0.92,0.93
1763128303,btc/usd,95167.907,490.421,0.0052,0.000135,497,0.957,0.92,0.93
1763128304,btc/usd,95154.142,476.656,0.005,0.000135,496,0.953,0.92,0.93
1763128305,btc/usd,95174.235,496.749,0.0052,0.000135,495,0.959,0.92,0.93
1763128307,btc/usd,95161.501,484.015,0.0051,0.000136,493,0.955,0.89,0.92
1763128308,btc/usd,95137.574,460.088,0.0049,0.000136,492,0.946,0.89,0.91
1763128309,btc/usd,95126.949,449.463,0.0047,0.000136,491,0.942,0.88,0.9
1763128311,btc/usd,95110.888,433.402,0.0046,0.000136,489,0.936,0.87,0.91
1763128312,btc/usd,95097.1,419.614,0.0044,0.000136,488,0.93,0.88,0.91
1763128314,btc/usd,95095.262,417.776,0.0044,0.000136,486,0.93,0.88,0.91
1763128315,btc/usd,95102.822,425.336,0.0045,0.000135,485,0.934,0.87,0.91
1763128317,btc/usd,95117.646,440.16,0.0046,0.000135,483,0.941,0.89,0.91
1763128318,btc/usd,95121.796,444.31,0.0047,0.000135,482,0.944,0.89,0.91
1763128319,btc/usd,95133.044,455.558,0.0048,0.000135,481,0.948,0.9,0.93
1763128321,btc/usd,95159.806,482.32,0.0051,0.000135,479,0.958,0.9,0.92
1763128322,btc/usd,95169.538,492.052,0.0052,0.000135,478,0.961,0.9,0.92
1763128324,btc/usd,95132.786,455.3,0.0048,0.000137,476,0.946,0.9,0.92
1763128325,btc/usd,95132.872,455.386,0.0048,0.000137,475,0.947,0.9,0.91
1763128326,btc/usd,95127.496,450.01,0.0048,0.000136,474,0.945,0.89,0.92
1763128328,btc/usd,95112.669,435.183,0.0046,0.000137,472,0.939,0.88,0.91
1763128329,btc/usd,95112.092,434.606,0.0046,0.000136,471,0.939,0.9,0.91
1763128330,btc/usd,95106.915,429.429,0.0045,0.000136,470,0.938,0.87,0.91
1763128332,btc/usd,95100.152,422.666,0.0045,0.000136,468,0.936,0.87,0.91
1763128333,btc/usd,95101.849,424.363,0.0045,0.000135,467,0.937,0.87,0.9
1763128335,btc/usd,95101.35,423.864,0.0045,0.000135,465,0.938,0.89,0.9
1763128336,btc/usd,95092.99,415.504,0.0044,0.000135,464,0.935,0.89,0.92
1763128338,btc/usd,95127.541,450.055,0.0048,0.000136,462,0.948,0.88,0.92
1763128339,btc/usd,95127.541,450.055,0.0048,0.000136,461,0.948,0.89,0.92
1763128340,btc/usd,95130.813,453.327,0.0048,0.000135,460,0.95,0.9,0.92
1763128342,btc/usd,95130.813,453.327,0.0048,0.000135,458,0.951,0.89,0.92
1763128343,btc/usd,95128.621,451.135,0.0048,0.000135,457,0.951,0.89,0.92
1763128344,btc/usd,95123.435,445.949,0.0047,0.000134,456,0.95,0.9,0.93
1763128346,btc/usd,95123.435,445.949,0.0047,0.000134,454,0.95,0.91,0.93
1763128347,btc/usd,95150.277,472.791,0.005,0.000134,453,0.96,0.91,0.93
1763128348,btc/usd,95176.884,499.398,0.0053,0.000135,452,0.967,0.91,0.93
1763128350,btc/usd,95176.884,499.398,0.0053,0.000135,450,0.967,0.9,0.93
1763128351,btc/usd,95174.792,497.306,0.0053,0.000134,449,0.967,0.9,0.92
1763128352,btc/usd,95142.262,464.776,0.0049,0.000136,448,0.956,0.9,0.92
1763128354,btc/usd,95126.476,448.99,0.0047,0.000136,446,0.951,0.89,0.93
1763128355,btc/usd,95126.476,448.99,0.0047,0.000136,445,0.951,0.88,0.91
1763128357,btc/usd,95111.171,433.685,0.0046,0.000136,443,0.945,0.88,0.9
1763128358,btc/usd,95098.885,421.399,0.0045,0.000136,442,0.94,0.87,0.9
1763128359,btc/usd,95090.13,412.644,0.0044,0.000136,441,0.937,0.87,0.9
1763128361,btc/usd,95066.811,389.325,0.0041,0.000136,439,0.925,0.87,0.9
1763128362,btc/usd,95066.431,388.945,0.0041,0.000136,438,0.926,0.87,0.9
1763128363,btc/usd,95053.118,375.632,0.004,0.000135,437,0.919,0.86,0.9
1763128365,btc/usd,95053.2,375.714,0.004,0.000135,435,0.92,0.86,0.9
1763128366,btc/usd,95047.946,370.46,0.0039,0.000135,434,0.918,0.87,0.9
1763128368,btc/usd,95049.559,372.073,0.0039,0.000135,432,0.92,0.87,0.89
1763128369,btc/usd,95060.109,382.623,0.004,0.000134,431,0.926,0.87,0.89
1763128370,btc/usd,95063.928,386.442,0.0041,0.000134,430,0.929,0.86,0.88
1763128372,btc/usd,95050.971,373.485,0.0039,0.000134,428,0.923,0.86,0.89
1763128373,btc/usd,95050.971,373.485,0.0039,0.000134,427,0.923,0.86,0.89
1763128375,btc/usd,95047.837,370.351,0.0039,0.000133,425,0.922,0.87,0.89
1763128376,btc/usd,95051.321,373.835,0.0039,0.000133,424,0.925,0.87,0.89
1763128377,btc/usd,95053.934,376.448,0.004,0.000133,423,0.927,0.88,0.89
1763128379,btc/usd,95081.309,403.823,0.0043,0.000133,421,0.94,0.88,0.89
1763128380,btc/usd,95087.25,409.764,0.0043,0.000133,420,0.944,0.88,0.89
1763128381,btc/usd,95087.27,409.784,0.0043,0.000133,419,0.944,0.89,0.91
1763128383,btc/usd,95080.619,403.133,0.0043,0.000133,417,0.942,0.9,0.91
1763128384,btc/usd,95081.486,403.999,0.0043,0.000132,416,0.943,0.88,0.91
1763128385,btc/usd,95125.603,448.117,0.0047,0.000136,415,0.956,0.9,0.91
1763128387,btc/usd,95114.659,437.173,0.0046,0.000136,413,0.953,0.9,0.93
1763128388,btc/usd,95114.963,437.477,0.0046,0.000136,412,0.953,0.9,0.93
1763128390,btc/usd,95153.903,476.417,0.005,0.000137,410,0.965,0.91,0.93
1763128391,btc/usd,95158.391,480.905,0.0051,0.000137,409,0.967,0.91,0.93
1763128392,btc/usd,95158.391,480.905,0.0051,0.000137,408,0.967,0.91,0.93
1763128394,btc/usd,95190.526,513.04,0.0054,0.000137,406,0.975,0.92,0.94
1763128395,btc/usd,95183.069,505.583,0.0053,0.000137,405,0.974,0.91,0.94
1763128396,btc/usd,95181.513,504.027,0.0053,0.000136,404,0.974,0.91,0.94
1763128398,btc/usd,95168.706,491.22,0.0052,0.000136,402,0.971,0.92,0.94
1763128399,btc/usd,95168.706,491.22,0.0052,0.000136,401,0.971,0.93,0.94
1763128400,btc/usd,95181.973,504.487,0.0053,0.000136,400,0.975,0.93,0.96
1763128402,btc/usd,95223.002,545.516,0.0058,0.000138,398,0.982,0.93,0.95
1763128403,btc/usd,95226.389,548.903,0.0058,0.000137,397,0.983,0.94,0.95
1763128405,btc/usd,95245.393,567.907,0.006,0.000137,395,0.986,0.94,0.96
1763128406,btc/usd,95261.119,583.633,0.0062,0.000137,394,0.988,0.94,0.96
1763128407,btc/usd,95250.45,572.964,0.0061,0.000137,393,0.987,0.94,0.96
1763128409,btc/usd,95261.342,583.856,0.0062,0.000137,391,0.988,0.94,0.96
1763128410,btc/usd,95265.177,587.691,0.0062,0.000137,390,0.989,0.95,0.96
1763128411,btc/usd,95309.795,632.309,0.0067,0.000139,389,0.993,0.95,0.96
1763128413,btc/usd,95318.041,640.555,0.0068,0.000139,387,0.993,0.95,0.96
1763128414,btc/usd,95321.74,644.254,0.0068,0.000138,386,0.994,0.95,0.97
1763128415,btc/usd,95335.722,658.236,0.007,0.000138,385,0.995,0.95,0.97
1763128417,btc/usd,95334.109,656.623,0.0069,0.000138,383,0.995,0.95,0.97
1763128418,btc/usd,95311.512,634.026,0.0067,0.000138,382,0.993,0.94,0.97
1763128420,btc/usd,95280.48,602.994,0.0064,0.000139,380,0.99,0.94,0.97
1763128421,btc/usd,95270.064,592.578,0.0063,0.000139,379,0.989,0.95,0.97
1763128422,btc/usd,95276.548,599.062,0.0063,0.000139,378,0.99,0.96,0.98
1763128424,btc/usd,95278.919,601.433,0.0064,0.000139,376,0.991,0.96,0.98
1763128425,btc/usd,95312.742,635.256,0.0067,0.000139,375,0.994,0.95,0.97
1763128426,btc/usd,95312.742,635.256,0.0067,0.000139,374,0.994,0.95,0.97
1763128428,btc/usd,95329.347,651.861,0.0069,0.000139,372,0.995,0.95,0.97
1763128429,btc/usd,95319.053,641.567,0.0068,0.000139,371,0.994,0.95,0.97
1763128431,btc/usd,95346.536,669.05,0.0071,0.000139,369,0.996,0.95,0.97
1763128432,btc/usd,95325.959,648.473,0.0068,0.000139,368,0.995,0.95,0.98
1763128433,btc/usd,95312.234,634.748,0.0067,0.000139,367,0.994,0.96,0.98
1763128435,btc/usd,95274.082,596.595,0.0063,0.00014,365,0.991,0.95,0.98
1763128436,btc/usd,95279.589,602.103,0.0064,0.000139,364,0.991,0.95,0.97
1763128437,btc/usd,95279.589,602.103,0.0064,0.000139,363,0.992,0.94,0.98
1763128439,btc/usd,95257.003,579.517,0.0061,0.000139,361,0.989,0.94,0.97
1763128440,btc/usd,95257.235,579.749,0.0061,0.000139,360,0.99,0.94,0.97
1763128441,btc/usd,95259.43,581.944,0.0061,0.000139,359,0.99,0.95,0.97
1763128443,btc/usd,95291.02,613.534,0.0065,0.00014,357,0.993,0.96,0.97
1763128444,btc/usd,95294.165,616.679,0.0065,0.000139,356,0.993,0.96,0.98
1763128445,btc/usd,95278.454,600.968,0.0063,0.000139,355,0.992,0.96,0.97
1763128447,btc/usd,95278.454,600.968,0.0063,0.000139,353,0.992,0.96,0.97
1763128448,btc/usd,95253.499,576.013,0.0061,0.00014,352,0.99,0.96,0.98
1763128449,btc/usd,95241.321,563.835,0.006,0.00014,351,0.988,0.96,0.97
1763128451,btc/usd,95235.143,557.657,0.0059,0.000139,349,0.988,0.96,0.97
1763128452,btc/usd,95227.3,549.814,0.0058,0.000139,348,0.987,0.96,0.97
1763128454,btc/usd,95226.149,548.663,0.0058,0.000139,346,0.987,0.96,0.97
1763128455,btc/usd,95226.149,548.663,0.0058,0.000139,345,0.987,0.96,0.97
1763128456,btc/usd,95207.963,530.477,0.0056,0.000139,344,0.985,0.96,0.97
1763128458,btc/usd,95207.963,530.477,0.0056,0.000139,342,0.985,0.96,0.97
1763128459,btc/usd,95207.828,530.342,0.0056,0.000139,341,0.986,0.96,0.97
1763128460,btc/usd,95208.711,531.225,0.0056,0.000138,340,0.986,0.96,0.97
1763128462,btc/usd,95219.776,542.29,0.0057,0.000138,338,0.988,0.96,0.97
1763128463,btc/usd,95217.439,539.953,0.0057,0.000138,337,0.988,0.96,0.97
1763128465,btc/usd,95221.629,544.143,0.0057,0.000138,335,0.989,0.96,0.97
1763128466,btc/usd,95228.955,551.469,0.0058,0.000137,334,0.99,0.95,0.96
1763128468,btc/usd,95226.903,549.417,0.0058,0.000137,332,0.99,0.97,0.98
1763128469,btc/usd,95221.773,544.287,0.0057,0.000137,331,0.989,0.97,0.98
1763128470,btc/usd,95208.812,531.326,0.0056,0.000137,330,0.988,0.97,0.98
1763128472,btc/usd,95210.251,532.765,0.0056,0.000137,328,0.988,0.97,0.98
1763128473,btc/usd,95210.933,533.447,0.0056,0.000137,327,0.989,0.97,0.98
1763128474,btc/usd,95208.927,531.441,0.0056,0.000136,326,0.989,0.97,0.98
1763128476,btc/usd,95211.095,533.609,0.0056,0.000136,324,0.989,0.97,0.98
1763128477,btc/usd,95215.801,538.315,0.0057,0.000136,323,0.99,0.97,0.98
1763128479,btc/usd,95229.516,552.03,0.0058,0.000136,321,0.992,0.97,0.98
1763128480,btc/usd,95210.579,533.093,0.0056,0.000136,320,0.989,0.97,0.98
1763128481,btc/usd,95215.055,537.569,0.0057,0.000136,319,0.99,0.97,0.98
1763128483,btc/usd,95230.812,553.326,0.0058,0.000136,317,0.992,0.97,0.98
1763128484,btc/usd,95230.812,553.326,0.0058,0.000136,316,0.992,0.97,0.98
1763128485,btc/usd,95243.232,565.746,0.006,0.000135,315,0.993,0.97,0.98
1763128487,btc/usd,95253.343,575.857,0.0061,0.000135,313,0.994,0.97,0.98
1763128488,btc/usd,95214.806,537.32,0.0057,0.000137,312,0.991,0.97,0.98
1763128490,btc/usd,95214.161,536.674,0.0057,0.000136,310,0.991,0.97,0.98
1763128491,btc/usd,95208.461,530.975,0.0056,0.000136,309,0.99,0.97,0.98
1763128492,btc/usd,95216.544,539.058,0.0057,0.000136,308,0.991,0.97,0.98
1763128494,btc/usd,95215.628,538.142,0.0057,0.000136,306,0.992,0.97,0.98
1763128495,btc/usd,95223.261,545.775,0.0058,0.000136,305,0.992,0.97,0.98
1763128497,btc/usd,95229.103,551.617,0.0058,0.000135,303,0.993,0.97,0.98
1763128498,btc/usd,95234.59,557.104,0.0059,0.000135,302,0.994,0.97,0.98
1763128500,btc/usd,95217.467,539.981,0.0057,0.000135,300,0.992,0.97,0.98
1763128501,btc/usd,95213.382,535.896,0.0057,0.000135,299,0.992,0.97,0.98
1763128502,btc/usd,95214.993,537.507,0.0057,0.000135,298,0.993,0.97,0.98
1763128504,btc/usd,95214.982,537.495,0.0057,0.000135,296,0.993,0.97,0.98
1763128505,btc/usd,95214.982,537.495,0.0057,0.000135,295,0.993,0.97,0.98
1763128506,btc/usd,95200.882,523.396,0.0055,0.000134,294,0.992,0.97,0.98
1763128508,btc/usd,95200.882,523.396,0.0055,0.000134,292,0.992,0.97,0.98
1763128509,btc/usd,95214.037,536.551,0.0057,0.000134,291,0.993,0.97,0.98
1763128511,btc/usd,95206.988,529.502,0.0056,0.000134,289,0.993,0.97,0.98
1763128512,btc/usd,95194.227,516.741,0.0055,0.000134,288,0.992,0.97,0.98
1763128513,btc/usd,95201.948,524.462,0.0055,0.000134,287,0.993,0.97,0.98
1763128515,btc/usd,95218.602,541.116,0.0057,0.000134,285,0.994,0.97,0.98
1763128516,btc/usd,95225.913,548.427,0.0058,0.000134,284,0.995,0.97,0.98
1763128517,btc/usd,95232.798,555.312,0.0059,0.000134,283,0.995,0.97,0.98
1763128519,btc/usd,95292.93,615.444,0.0065,0.000135,281,0.998,0.97,0.98
1763128520,btc/usd,95301.479,623.993,0.0066,0.000135,280,0.998,0.97,0.98
1763128521,btc/usd,95334.867,657.381,0.0069,0.000135,279,0.999,0.97,0.98
1763128523,btc/usd,95359.74,682.254,0.0072,0.000135,277,0.999,0.97,0.98
1763128524,btc/usd,95378.465,700.979,0.0074,0.000135,276,0.999,0.97,0.98
1763128525,btc/usd,95432.497,755.011,0.008,0.000138,275,1.0,0.97,0.98
1763128527,btc/usd,95422.379,744.893,0.0079,0.000138,273,1.0,0.97,0.99
1763128528,btc/usd,95446.039,768.553,0.0081,0.000138,272,1.0,0.98,0.99
1763128529,btc/usd,95421.732,744.246,0.0079,0.000139,271,1.0,0.98,0.99
1763128531,btc/usd,95388.166,710.68,0.0075,0.000139,269,0.999,0.98,0.99
1763128532,btc/usd,95388.166,710.68,0.0075,0.000139,268,0.999,0.98,0.99
1763128534,btc/usd,95407.829,730.343,0.0077,0.000139,266,1.0,0.98,0.99
1763128535,btc/usd,95422.326,744.84,0.0079,0.000139,265,1.0,0.98,0.99
1763128536,btc/usd,95527.369,849.883,0.009,0.000144,264,1.0,0.98,0.99
1763128538,btc/usd,95518.145,840.659,0.0089,0.000144,262,1.0,0.98,0.99
1763128539,btc/usd,95496.646,819.16,0.0087,0.000144,261,1.0,0.98,0.99
1763128540,btc/usd,95445.092,767.606,0.0081,0.000145,260,1.0,0.98,0.99
1763128542,btc/usd,95445.092,767.606,0.0081,0.000145,258,1.0,0.98,0.99
1763128543,btc/usd,95418.027,740.541,0.0078,0.000145,257,1.0,0.99,
1763128545,btc/usd,95403.518,726.032,0.0077,0.000145,255,0.999,0.99,
1763128546,btc/usd,95407.244,729.757,0.0077,0.000145,254,1.0,0.99,
1763128547,btc/usd,95408.226,730.74,0.0077,0.000145,253,1.0,0.99,
1763128549,btc/usd,95409.153,731.667,0.0077,0.000145,251,1.0,0.98,0.99
1763128550,btc/usd,95364.452,686.966,0.0073,0.000146,250,0.999,0.98,0.99
1763128551,btc/usd,95364.452,686.966,0.0073,0.000146,249,0.999,0.98,
1763128553,btc/usd,95295.452,617.966,0.0065,0.000149,247,0.997,0.98,
1763128554,btc/usd,95277.944,600.458,0.0063,0.000149,246,0.997,0.98,
1763128555,btc/usd,95311.022,633.536,0.0067,0.00015,245,0.998,0.98,0.99
1763128557,btc/usd,95314.141,636.655,0.0067,0.00015,243,0.998,0.98,
1763128558,btc/usd,95317.709,640.223,0.0068,0.00015,242,0.998,0.98,0.99
1763128559,btc/usd,95318.798,641.312,0.0068,0.000149,241,0.998,0.98,0.99
1763128561,btc/usd,95301.0,623.514,0.0066,0.00015,239,0.998,0.98,
1763128562,btc/usd,95286.785,609.299,0.0064,0.000149,238,0.997,0.99,
1763128563,btc/usd,95298.61,621.124,0.0066,0.000149,237,0.998,0.99,
1763128565,btc/usd,95332.995,655.509,0.0069,0.00015,235,0.999,0.99,
1763128566,btc/usd,95354.617,677.131,0.0072,0.00015,234,0.999,0.99,
1763128568,btc/usd,95373.2,695.714,0.0073,0.00015,232,0.999,0.99,
1763128569,btc/usd,95395.922,718.436,0.0076,0.00015,231,1.0,0.99,
1763128570,btc/usd,95377.581,700.095,0.0074,0.00015,230,0.999,0.99,
1763128572,btc/usd,95357.269,679.783,0.0072,0.00015,228,0.999,0.99,
1763128573,btc/usd,95378.517,701.031,0.0074,0.00015,227,0.999,0.99,
1763128575,btc/usd,95378.517,701.031,0.0074,0.00015,225,0.999,0.99,
1763128576,btc/usd,95365.151,687.665,0.0073,0.000151,224,0.999,0.99,
1763128577,btc/usd,95365.151,687.665,0.0073,0.000151,223,0.999,0.99,
1763128579,btc/usd,95326.272,648.786,0.0069,0.000151,221,0.999,0.99,
1763128580,btc/usd,95328.173,650.687,0.0069,0.000151,220,0.999,0.99,
1763128581,btc/usd,95328.878,651.392,0.0069,0.000151,219,0.999,0.99,
1763128583,btc/usd,95269.148,591.662,0.0062,0.000153,217,0.997,0.99,
1763128584,btc/usd,95265.774,588.288,0.0062,0.000153,216,0.997,0.98,
1763128586,btc/usd,95277.489,600.003,0.0063,0.000153,214,0.998,0.99,
1763128587,btc/usd,95257.612,580.126,0.0061,0.000153,213,0.997,0.99,
1763128594,btc/usd,95330.544,9.609,0.0001,0.0,206,1.0,0.99,
1763128596,btc/usd,95332.38,11.446,0.0001,5.8e-05,204,0.558,0.99,
1763128597,btc/usd,95336.754,15.82,0.0002,4.2e-05,203,0.61,0.99,
1763128598,btc/usd,95316.829,-4.106,-0.0,0.000105,202,0.489,0.99,
1763128600,btc/usd,95303.631,-17.304,-0.0002,0.000108,200,0.453,0.99,
1763128601,btc/usd,95306.641,-14.293,-0.0001,9.4e-05,199,0.455,0.99,
1763128603,btc/usd,95317.854,-3.081,-0.0,9.9e-05,197,0.491,0.99,
1763128604,btc/usd,95321.818,0.883,0.0,9.5e-05,196,0.503,0.99,
1763128605,btc/usd,95326.874,5.939,0.0001,8.7e-05,195,0.521,0.99,
1763128607,btc/usd,95325.35,4.416,0.0,8.3e-05,193,0.516,0.99,
1763128608,btc/usd,95318.899,-2.036,-0.0,7.9e-05,192,0.492,0.99,
1763128609,btc/usd,95312.186,-8.748,-0.0001,7.8e-05,191,0.466,0.99,
1763128611,btc/usd,95333.556,12.621,0.0001,9.4e-05,189,0.541,0.99,
1763128612,btc/usd,95333.556,12.621,0.0001,9.1e-05,188,0.542,0.99,
1763128613,btc/usd,95334.888,13.954,0.0001,8.7e-05,187,0.549,0.99,
1763128615,btc/usd,95341.135,20.2,0.0002,8.6e-05,185,0.572,0.99,
1763128616,btc/usd,95374.222,53.287,0.0006,0.000108,184,0.649,0.99,
1763128618,btc/usd,95349.656,28.721,0.0003,0.00012,182,0.574,0.99,
1763128619,btc/usd,95342.536,21.601,0.0002,0.000117,181,0.558,0.99,
1763128620,btc/usd,95332.416,11.482,0.0001,0.000117,180,0.531,0.99,
1763128622,btc/usd,95316.083,-4.851,-0.0001,0.000119,178,0.488,0.99,
1763128623,btc/usd,95313.099,-7.835,-0.0001,0.000117,177,0.479,0.99,
1763128624,btc/usd,95311.433,-9.502,-0.0001,0.000114,176,0.474,0.99,
1763128626,btc/usd,95315.346,-5.588,-0.0001,0.000112,174,0.484,0.99,
1763128627,btc/usd,95305.899,-15.035,-0.0002,0.000112,173,0.457,0.99,
1763128628,btc/usd,95328.276,7.342,0.0001,0.000115,172,0.521,0.99,
1763128630,btc/usd,95336.419,15.485,0.0002,0.000115,170,0.544,0.99,
1763128631,btc/usd,95305.301,-15.633,-0.0002,0.000122,169,0.459,0.99,
1763128633,btc/usd,95252.361,-68.574,-0.0007,0.000149,167,0.355,0.99,
1763128634,btc/usd,95256.796,-64.138,-0.0007,0.000145,166,0.36,0.99,
1763128635,btc/usd,95256.796,-64.138,-0.0007,0.000145,165,0.36,0.99,
1763128637,btc/usd,95226.386,-94.548,-0.001,0.000147,163,0.299,0.99,
1763128638,btc/usd,95183.837,-137.097,-0.0014,0.000159,162,0.239,0.99,
1763128639,btc/usd,95104.09,-216.845,-0.0023,0.000182,161,0.161,0.97,0.98
1763128641,btc/usd,95102.827,-218.107,-0.0023,0.00018,159,0.156,0.96,0.98
1763128642,btc/usd,95039.995,-280.939,-0.0029,0.000197,158,0.117,0.95,0.97
1763128643,btc/usd,95064.31,-256.625,-0.0027,0.0002,157,0.141,0.96,0.97
1763128645,btc/usd,95064.31,-256.625,-0.0027,0.000198,155,0.138,0.97,
1763128646,btc/usd,95049.207,-271.727,-0.0029,0.000197,154,0.121,0.97,0.98
1763128648,btc/usd,95091.963,-228.971,-0.0024,0.00021,152,0.177,0.97,0.98
1763128649,btc/usd,95085.847,-235.087,-0.0025,0.000208,151,0.167,0.97,0.98
1763128650,btc/usd,95094.341,-226.593,-0.0024,0.000205,150,0.172,0.97,0.98
1763128652,btc/usd,95081.725,-239.21,-0.0025,0.000204,148,0.156,0.97,0.98
1763128653,btc/usd,95069.145,-251.789,-0.0026,0.000201,147,0.139,0.98,0.99
1763128654,btc/usd,95069.145,-251.789,-0.0026,0.000201,146,0.138,0.98,0.99
1763128656,btc/usd,95092.834,-228.1,-0.0024,0.0002,144,0.159,0.98,0.99
1763128657,btc/usd,95087.241,-233.693,-0.0025,0.000197,143,0.149,0.98,0.99
1763128658,btc/usd,95087.241,-233.693,-0.0025,0.000197,142,0.147,0.97,0.99
1763128660,btc/usd,95078.112,-242.823,-0.0025,0.000194,140,0.133,0.98,0.99
1763128661,btc/usd,95064.154,-256.781,-0.0027,0.000193,139,0.118,0.98,0.99
1763128663,btc/usd,95061.08,-259.855,-0.0027,0.000191,137,0.112,0.97,0.99
1763128664,btc/usd,95051.667,-269.268,-0.0028,0.000189,136,0.099,0.97,0.98
1763128665,btc/usd,95041.245,-279.689,-0.0029,0.000187,135,0.089,0.98,0.99
1763128667,btc/usd,95056.827,-264.108,-0.0028,0.000186,133,0.098,0.97,0.99
1763128668,btc/usd,95059.538,-261.396,-0.0027,0.000185,132,0.098,0.97,
1763128669,btc/usd,95074.701,-246.234,-0.0026,0.000183,131,0.109,0.99,
1763128671,btc/usd,95074.701,-246.234,-0.0026,0.000183,129,0.108,0.97,
1763128672,btc/usd,95068.517,-252.418,-0.0026,0.000182,128,0.099,0.97,
1763128673,btc/usd,95073.044,-247.89,-0.0026,0.00018,127,0.1,0.97,
1763128675,btc/usd,95068.9,-252.034,-0.0026,0.000179,125,0.093,0.97,
1763128676,btc/usd,95051.577,-269.357,-0.0028,0.000179,124,0.078,0.98,
1763128677,btc/usd,95040.471,-280.464,-0.0029,0.000177,123,0.066,0.98,
1763128679,btc/usd,95043.565,-277.369,-0.0029,0.000176,121,0.066,0.99,
1763128680,btc/usd,95071.65,-249.284,-0.0026,0.000176,120,0.088,0.99,
1763128682,btc/usd,95087.073,-233.861,-0.0025,0.000177,118,0.101,0.99,
1763128683,btc/usd,95087.073,-233.861,-0.0025,0.000176,117,0.098,0.99,
1763128684,btc/usd,95090.474,-230.461,-0.0024,0.000174,116,0.098,0.98,0.99
1763128686,btc/usd,95100.595,-220.339,-0.0023,0.000173,114,0.106,0.98,0.99
1763128687,btc/usd,95085.774,-235.16,-0.0025,0.000172,113,0.088,0.98,0.99
1763128688,btc/usd,95092.188,-228.747,-0.0024,0.000171,112,0.092,0.98,0.99
1763128690,btc/usd,95084.827,-236.107,-0.0025,0.00017,110,0.083,0.98,0.99
1763128691,btc/usd,95097.697,-223.237,-0.0023,0.00017,109,0.093,0.98,0.99
1763128693,btc/usd,95087.677,-233.258,-0.0024,0.000169,107,0.081,0.98,0.99
1763128694,btc/usd,95087.672,-233.262,-0.0024,0.000168,106,0.079,0.98,0.99
1763128695,btc/usd,95077.278,-243.656,-0.0026,0.000167,105,0.067,0.98,0.99
1763128697,btc/usd,95072.175,-248.759,-0.0026,0.000166,103,0.061,0.98,0.99
1763128698,btc/usd,95068.613,-252.321,-0.0026,0.000164,102,0.055,0.94,0.99
1763128699,btc/usd,95079.393,-241.542,-0.0025,0.000164,101,0.061,0.97,0.99
1763128701,btc/usd,95079.393,-241.542,-0.0025,0.000163,99,0.059,0.97,0.99
1763128702,btc/usd,95080.534,-240.401,-0.0025,0.000162,98,0.057,0.97,0.99
1763128704,btc/usd,95063.329,-257.606,-0.0027,0.000162,96,0.044,0.97,0.99
1763128705,btc/usd,95071.706,-249.228,-0.0026,0.000161,95,0.047,0.97,0.99
1763128706,btc/usd,95057.698,-263.236,-0.0028,0.00016,94,0.037,0.98,0.99
1763128708,btc/usd,95059.073,-261.861,-0.0027,0.00016,92,0.036,0.98,0.99
1763128709,btc/usd,95064.294,-256.641,-0.0027,0.000159,91,0.038,0.98,0.99
1763128711,btc/usd,95072.877,-248.058,-0.0026,0.000158,89,0.041,0.98,0.99
1763128712,btc/usd,95088.619,-232.315,-0.0024,0.000158,88,0.05,0.98,0.99
1763128713,btc/usd,95092.138,-228.797,-0.0024,0.000157,87,0.05,0.98,0.99
1763128715,btc/usd,95082.751,-238.184,-0.0025,0.000157,85,0.042,0.98,0.99
1763128716,btc/usd,95082.751,-238.184,-0.0025,0.000156,84,0.04,0.98,0.99
1763128717,btc/usd,95078.07,-242.865,-0.0025,0.000155,83,0.035,0.99,
1763128719,btc/usd,95093.78,-227.154,-0.0024,0.000155,81,0.044,0.99,
1763128720,btc/usd,95093.78,-227.154,-0.0024,0.000154,80,0.042,0.99,
1763128721,btc/usd,95100.722,-220.212,-0.0023,0.000153,79,0.045,0.99,
1763128723,btc/usd,95098.41,-222.525,-0.0023,0.000153,77,0.041,0.99,
1763128724,btc/usd,95101.695,-219.239,-0.0023,0.000152,76,0.041,0.99,
1763128726,btc/usd,95115.76,-205.174,-0.0022,0.000152,74,0.05,0.99,
1763128727,btc/usd,95116.338,-204.596,-0.0021,0.000151,73,0.048,0.99,
1763128728,btc/usd,95110.88,-210.054,-0.0022,0.00015,72,0.041,0.99,
1763128730,btc/usd,95118.393,-202.541,-0.0021,0.00015,70,0.045,0.99,
1763128731,btc/usd,95123.23,-197.705,-0.0021,0.000149,69,0.046,0.99,
1763128733,btc/usd,95123.32,-197.614,-0.0021,0.000148,67,0.044,0.99,
1763128734,btc/usd,95123.51,-197.425,-0.0021,0.000148,66,0.042,0.99,
1763128735,btc/usd,95140.99,-179.944,-0.0019,0.000148,65,0.056,0.99,
1763128737,btc/usd,95150.147,-170.787,-0.0018,0.000147,63,0.063,0.99,
1763128738,btc/usd,95141.482,-179.453,-0.0019,0.000147,62,0.051,0.99,
1763128740,btc/usd,95121.527,-199.407,-0.0021,0.000147,60,0.034,0.99,
1763128741,btc/usd,95123.574,-197.361,-0.0021,0.000147,59,0.033,0.99,
1763128742,btc/usd,95123.574,-197.361,-0.0021,0.000147,58,0.031,0.99,
1763128744,btc/usd,95142.106,-178.828,-0.0019,0.000147,56,0.045,0.99,
1763128745,btc/usd,95139.476,-181.458,-0.0019,0.000147,55,0.04,0.99,
1763128746,btc/usd,95127.994,-192.941,-0.002,0.000146,54,0.029,0.99,
1763128748,btc/usd,95134.459,-186.475,-0.002,0.000145,52,0.031,0.99,
1763128749,btc/usd,95163.845,-157.09,-0.0016,0.000147,51,0.058,0.99,
1763128751,btc/usd,95159.734,-161.201,-0.0017,0.000146,49,0.05,0.99,
1763128752,btc/usd,95180.121,-140.814,-0.0015,0.000147,48,0.073,0.99,
1763128754,btc/usd,95186.43,-134.505,-0.0014,0.000146,46,0.078,0.99,
1763128755,btc/usd,95190.174,-130.761,-0.0014,0.000146,45,0.08,0.99,
1763128757,btc/usd,95198.326,-122.609,-0.0013,0.000145,43,0.09,0.99,
1763128758,btc/usd,95193.983,-126.951,-0.0013,0.000145,42,0.078,0.99,
1763128759,btc/usd,95185.633,-135.301,-0.0014,0.000144,41,0.061,0.99,
1763128761,btc/usd,95179.882,-141.053,-0.0015,0.000144,39,0.05,0.99,
1763128762,btc/usd,95190.454,-130.48,-0.0014,0.000143,38,0.06,0.99,
1763128763,btc/usd,95187.713,-133.222,-0.0014,0.000143,37,0.053,0.99,
1763128765,btc/usd,95184.692,-136.242,-0.0014,0.000142,35,0.045,0.99,
1763128766,btc/usd,95187.898,-133.036,-0.0014,0.000142,34,0.045,0.99,
1763128768,btc/usd,95190.003,-130.931,-0.0014,0.000141,32,0.043,0.99,
1763128769,btc/usd,95192.585,-128.349,-0.0013,0.00014,31,0.042,0.99,
1763128771,btc/usd,95168.067,-152.868,-0.0016,0.000141,29,0.018,0.99,
1763128772,btc/usd,95167.989,-152.946,-0.0016,0.000141,28,0.016,0.99,
1763128773,btc/usd,95161.456,-159.479,-0.0017,0.00014,27,0.01,0.99,
1763128775,btc/usd,95154.615,-166.319,-0.0017,0.00014,25,0.007,0.99,
1763128776,btc/usd,95160.621,-160.313,-0.0017,0.000139,24,0.007,0.99,
1763128777,btc/usd,95161.003,-159.931,-0.0017,0.000139,23,0.005,0.99,
1763128779,btc/usd,95147.816,-173.118,-0.0018,0.000138,21,0.002,0.99,
1763128780,btc/usd,95140.528,-180.406,-0.0019,0.000138,20,0.001,0.99,
1763128782,btc/usd,95139.149,-181.786,-0.0019,0.000137,18,0.001,0.99,
1763128783,btc/usd,95139.149,-181.786,-0.0019,0.000137,17,0.0,0.99,
1763128784,btc/usd,95136.223,-184.712,-0.0019,0.000136,16,0.0,0.99,
1763128786,btc/usd,95136.795,-184.139,-0.0019,0.000136,14,0.0,0.99,
1763128787,btc/usd,95136.795,-184.139,-0.0019,0.000136,13,0.0,0.99,
1763128788,btc/usd,95147.696,-173.239,-0.0018,0.000135,12,0.0,0.99,
1763128790,btc/usd,95138.85,-182.085,-0.0019,0.000135,10,0.0,0.99,
1763128791,btc/usd,95140.688,-180.247,-0.0019,0.000134,9,0.0,0.99,
1763128793,btc/usd,95140.688,-180.247,-0.0019,0.000134,7,0.0,0.99,
1763128794,btc/usd,95146.558,-174.377,-0.0018,0.000134,6,0.0,0.99,
1763128795,btc/usd,95146.558,-174.377,-0.0018,0.000134,5,0.0,0.99,
1763128797,btc/usd,95146.558,-174.377,-0.0018,0.000134,3,0.0,0.99,
1763128798,btc/usd,95146.558,-174.377,-0.0018,0.000134,2,0.0,0.99,
1763128800,btc/usd,95146.558,-174.377,-0.0018,0.000134,0,0.0,0.99,
1763128801,btc/usd,95146.558,-174.377,-0.0018,0.000134,0,0.0,0.99,
1763128802,btc/usd,95146.558,-174.377,-0.0018,0.000134,0,0.0,0.99,
1763128804,btc/usd,95146.558,-174.377,-0.0018,0.000134,0,0.0,0.99,
1763128805,btc/usd,95146.558,-174.377,-0.0018,0.000134,0,0.0,0.99,
1763128806,btc/usd,95146.558,-174.377,-0.0018,0.000134,0,0.0,0.99,
1763128808,btc/usd,95146.558,-174.377,-0.0018,0.000134,0,0.0,0.99,
1763128809,btc/usd,95146.558,-174.377,-0.0018,0.000134,0,0.0,0.99,
1763128811,btc/usd,95146.558,-174.377,-0.0018,0.000134,0,0.0,0.99,
1763128812,btc/usd,95146.558,-174.377,-0.0018,0.000134,0,0.0,0.99,
1763128813,btc/usd,95146.558,-174.377,-0.0018,0.000134,0,0.0,0.99,
1763128815,btc/usd,95146.558,-174.377,-0.0018,0.000134,0,0.0,0.99,
1763128816,btc/usd,95146.558,-174.377,-0.0018,0.000134,0,0.0,0.99,
1763128818,btc/usd,95146.558,-174.377,-0.0018,0.000134,0,0.0,0.99,
1763128819,btc/usd,95146.558,-174.377,-0.0018,0.000134,0,0.0,0.99,
1763128820,btc/usd,95146.558,-174.377,-0.0018,0.000134,0,0.0,0.99,
1763128822,btc/usd,95146.558,-174.377,-0.0018,0.000134,0,0.0,0.99,
1763128823,btc/usd,95146.558,-174.377,-0.0018,0.000134,0,0.0,0.99,
1763128825,btc/usd,95146.558,-174.377,-0.0018,0.000134,0,0.0,0.99,
1763128826,btc/usd,95146.558,-174.377,-0.0018,0.000134,0,0.0,0.99,
1763128827,btc/usd,95146.558,-174.377,-0.0018,0.000134,0,0.0,0.99,
1763128829,btc/usd,95146.558,-174.377,-0.0018,0.000134,0,0.0,0.99,
1763128830,btc/usd,95146.558,-174.377,-0.0018,0.000134,0,0.0,0.99,
1763128831,btc/usd,95146.558,-174.377,-0.0018,0.000134,0,0.0,0.99,
1763128833,btc/usd,95146.558,-174.377,-0.0018,0.000134,0,0.0,0.99,
1763128834,btc/usd,95146.558,-174.377,-0.0018,0.000134,0,0.0,0.99,
1763128835,btc/usd,95146.558,-174.377,-0.0018,0.000134,0,0.0,0.99,
1763128837,btc/usd,95146.558,-174.377,-0.0018,0.000134,0,0.0,0.99,
1763128838,btc/usd,95146.558,-174.377,-0.0018,0.000134,0,0.0,0.99,
1763128840,btc/usd,95146.558,-174.377,-0.0018,0.000134,0,0.0,0.99,
1763128841,btc/usd,95146.558,-174.377,-0.0018,0.000134,0,0.0,0.99,
1763128843,btc/usd,95146.558,-174.377,-0.0018,0.000134,0,0.0,0.99,
1763128844,btc/usd,95146.558,-174.377,-0.0018,0.000134,0,0.0,0.99,
1763128845,btc/usd,95146.558,-174.377,-0.0018,0.000134,0,0.0,0.99,
1763128847,btc/usd,95146.558,-174.377,-0.0018,0.000134,0,0.0,0.99,
1763128848,btc/usd,95146.558,-174.377,-0.0018,0.000134,0,0.0,0.99,
1763128849,btc/usd,95146.558,-174.377,-0.0018,0.000134,0,0.0,0.99,
1763128851,btc/usd,95146.558,-174.377,-0.0018,0.000134,0,0.0,0.99,
1763128852,btc/usd,95146.558,-174.377,-0.0018,0.000134,0,0.0,0.99,
1763128854,btc/usd,95146.558,-174.377,-0.0018,0.000134,0,0.0,0.99,
1763128855,btc/usd,95146.558,-174.377,-0.0018,0.000134,0,0.0,0.99,
1763128856,btc/usd,95146.558,-174.377,-0.0018,0.000134,0,0.0,0.99,
1763128858,btc/usd,95146.558,-174.377,-0.0018,0.000134,0,0.0,0.99,
1763128859,btc/usd,95146.558,-174.377,-0.0018,0.000134,0,0.0,0.99,
1763128860,btc/usd,95146.558,-174.377,-0.0018,0.000134,0,0.0,0.99,
1763128862,btc/usd,95146.558,-174.377,-0.0018,0.000134,0,0.0,0.99,
1763128863,btc/usd,95146.558,-174.377,-0.0018,0.000134,0,0.0,0.99,
1763128864,btc/usd,95146.558,-174.377,-0.0018,0.000134,0,0.0,0.99,
1763128866,btc/usd,95146.558,-174.377,-0.0018,0.000134,0,0.0,0.99,
1763128867,btc/usd,95146.558,-174.377,-0.0018,0.000134,0,0.0,0.99,
1763128873,btc/usd,95053.918,-0.701,-0.0,0.0,827,0.0,0.37,0.39
1763128874,btc/usd,95047.707,-6.912,-0.0001,4.1e-05,826,0.476,0.36,0.38
1763128875,btc/usd,95041.464,-13.155,-0.0001,3.4e-05,825,0.443,0.35,0.36
1763128877,btc/usd,95022.119,-32.5,-0.0003,8.3e-05,823,0.444,0.31,0.32
1763128878,btc/usd,94973.79,-80.829,-0.0009,0.000145,822,0.42,0.3,0.35
1763128880,btc/usd,94975.255,-79.364,-0.0008,0.000145,820,0.421,0.3,0.33
1763128881,btc/usd,94962.466,-92.153,-0.001,0.000135,819,0.401,0.32,0.35
1763128882,btc/usd,94959.53,-95.089,-0.001,0.000127,818,0.392,0.31,0.34
1763128884,btc/usd,94984.981,-69.638,-0.0007,0.000164,816,0.439,0.31,0.34
1763128885,btc/usd,94978.829,-75.79,-0.0008,0.00015,815,0.427,0.33,0.34
1763128887,btc/usd,94981.799,-72.82,-0.0008,0.000146,813,0.428,0.32,0.35
1763128888,btc/usd,94986.772,-67.847,-0.0007,0.000139,812,0.429,0.34,0.35
1763128889,btc/usd,94983.806,-70.813,-0.0007,0.000135,811,0.424,0.32,0.36
1763128891,btc/usd,94983.369,-71.25,-0.0007,0.000131,809,0.421,0.35,0.38
1763128892,btc/usd,94987.793,-66.826,-0.0007,0.000129,808,0.425,0.36,0.38
1763128893,btc/usd,95029.048,-25.571,-0.0003,0.000149,807,0.476,0.38,0.39
1763128895,btc/usd,95037.669,-16.951,-0.0002,0.000144,805,0.483,0.42,0.44
1763128896,btc/usd,95069.645,15.026,0.0002,0.000157,804,0.515,0.44,0.45
1763128898,btc/usd,95093.912,39.293,0.0004,0.000162,802,0.537,0.42,0.45
1763128899,btc/usd,95094.462,39.843,0.0004,0.000159,801,0.538,0.41,0.42
1763128900,btc/usd,95092.53,37.911,0.0004,0.000153,800,0.538,0.42,0.44
1763128902,btc/usd,95087.195,32.576,0.0003,0.000151,798,0.533,0.4,0.42
1763128903,btc/usd,95087.195,32.576,0.0003,0.000148,797,0.534,0.38,0.4
1763128904,btc/usd,95074.301,19.682,0.0002,0.000146,796,0.521,0.39,0.4
1763128906,btc/usd,95055.737,1.117,0.0,0.000143,794,0.502,0.38,0.4
1763128907,btc/usd,95050.12,-4.499,-0.0,0.000141,793,0.496,0.38,0.4
1763128909,btc/usd,95051.017,-3.602,-0.0,0.000139,791,0.497,0.38,0.4
1763128910,btc/usd,95051.227,-3.392,-0.0,0.000138,790,0.497,0.37,0.41
1763128911,btc/usd,95051.233,-3.387,-0.0,0.000134,789,0.497,0.37,0.4
1763128913,btc/usd,95051.233,-3.387,-0.0,0.000132,787,0.497,0.37,0.4
1763128914,btc/usd,95040.699,-13.92,-0.0001,0.00013,786,0.485,0.39,0.41
1763128916,btc/usd,95041.732,-12.888,-0.0001,0.000128,784,0.486,0.38,0.41
1763128917,btc/usd,95041.732,-12.888,-0.0001,0.000127,783,0.485,0.37,0.41
1763128918,btc/usd,95046.098,-8.522,-0.0001,0.000124,782,0.49,0.38,0.42
1763128920,btc/usd,95045.419,-9.2,-0.0001,0.000123,780,0.489,0.38,0.42
1763128921,btc/usd,95045.768,-8.851,-0.0001,0.000122,779,0.49,0.41,0.42
1763128922,btc/usd,95048.75,-5.869,-0.0001,0.000119,778,0.493,0.38,0.4
1763128924,btc/usd,95058.965,4.345,0.0,0.000119,776,0.506,0.36,0.37
1763128925,btc/usd,95011.561,-43.058,-0.0005,0.000131,775,0.451,0.34,0.36
1763128926,btc/usd,95011.561,-43.058,-0.0005,0.000131,774,0.451,0.32,0.33
1763128928,btc/usd,94988.846,-65.774,-0.0007,0.00013,772,0.425,0.34,0.35
